#SampleID,newname,frmID,State,Year,SiteAlias,Orig_SampleID,,,,,,,,,,,,,,,,,,,,,,,,,,,,,,,,,,,,,,,,,,,,,,,,,,,,,,,,,,,,,,,,,,
MassExtra-Ref-5289,MassExtra_Ref_5289-2024,MassExtra_Ref_5289,MA,2024,MassExtra_Ref_5289,MassExtra_Ref_5289,,,,,,,,,,,,,,,,,,,,,,,,,,,,,,,,,,,,,,,,,,,,,,,,,,,,,,,,,,,,,,,,,,
MassExtra-Ref-5289-QC,MassExtra_Ref_5289_QC-2024,MassExtra_Ref_5289,MA,2024,MassExtra_Ref_5289,MassExtra_Ref_5289_QC,,,,,,,,,,,,,,,,,,,,,,,,,,,,,,,,,,,,,,,,,,,,,,,,,,,,,,,,,,,,,,,,,,
MassExtra-Ref-8749,MassExtra_Ref_8749-2024,MassExtra_Ref_8749,MA,2024,MassExtra_Ref_8749,MassExtra_Ref_8749,,,,,,,,,,,,,,,,,,,,,,,,,,,,,,,,,,,,,,,,,,,,,,,,,,,,,,,,,,,,,,,,,,
MassExtra-Strs-5834,MassExtra_Strs_5834-2024,MassExtra_Strs_5834,MA,2024,MassExtra_Strs_5834,MassExtra_Strs_5834,,,,,,,,,,,,,,,,,,,,,,,,,,,,,,,,,,,,,,,,,,,,,,,,,,,,,,,,,,,,,,,,,,
OverRef-1339,OverRef_1339-2024,OverRef_1339,MA,2024,OverRef_1339,OverRef_1339,,,,,,,,,,,,,,,,,,,,,,,,,,,,,,,,,,,,,,,,,,,,,,,,,,,,,,,,,,,,,,,,,,
OverRef-1407,OverRef_1407-2024,OverRef_1407,MA,2024,OverRef_1407,OverRef_1407,,,,,,,,,,,,,,,,,,,,,,,,,,,,,,,,,,,,,,,,,,,,,,,,,,,,,,,,,,,,,,,,,,
OverRef-3355,OverRef_3355-2024,OverRef_3355,MA,2024,OverRef_3355,OverRef_3355,,,,,,,,,,,,,,,,,,,,,,,,,,,,,,,,,,,,,,,,,,,,,,,,,,,,,,,,,,,,,,,,,,
OverRef-3377,OverRef_3377-2024,OverRef_3377,MA,2024,OverRef_3377,OverRef_3377,,,,,,,,,,,,,,,,,,,,,,,,,,,,,,,,,,,,,,,,,,,,,,,,,,,,,,,,,,,,,,,,,,
OverRef-3457,OverRef_3457-2024,OverRef_3457,MA,2024,OverRef_3457,OverRef_3457,,,,,,,,,,,,,,,,,,,,,,,,,,,,,,,,,,,,,,,,,,,,,,,,,,,,,,,,,,,,,,,,,,
OverRef-3809,OverRef_3809-2024,OverRef_3809,MA,2024,OverRef_3809,OverRef_3809,,,,,,,,,,,,,,,,,,,,,,,,,,,,,,,,,,,,,,,,,,,,,,,,,,,,,,,,,,,,,,,,,,
OverStrs-8329,OverStrs_8329-2024,OverStrs_8329,MA,2024,OverStrs_8329,OverStrs_8329,,,,,,,,,,,,,,,,,,,,,,,,,,,,,,,,,,,,,,,,,,,,,,,,,,,,,,,,,,,,,,,,,,
PrimeRef-0249,PrimeRef_0249-2024,PrimeRef_0249,MA,2024,PrimeRef_0249,PrimeRef_0249,,,,,,,,,,,,,,,,,,,,,,,,,,,,,,,,,,,,,,,,,,,,,,,,,,,,,,,,,,,,,,,,,,
PrimeRef-0249-QC,PrimeRef_0249_QC-2024,PrimeRef_0249,MA,2024,PrimeRef_0249,PrimeRef_0249_QC,,,,,,,,,,,,,,,,,,,,,,,,,,,,,,,,,,,,,,,,,,,,,,,,,,,,,,,,,,,,,,,,,,
PrimeRef-0783,PrimeRef_0783-2024,PrimeRef_0783,MA,2024,PrimeRef_0783,PrimeRef_0783,,,,,,,,,,,,,,,,,,,,,,,,,,,,,,,,,,,,,,,,,,,,,,,,,,,,,,,,,,,,,,,,,,
PrimeRef-1377,PrimeRef_1377-2024,PrimeRef_1377,MA,2024,PrimeRef_1377,PrimeRef_1377,,,,,,,,,,,,,,,,,,,,,,,,,,,,,,,,,,,,,,,,,,,,,,,,,,,,,,,,,,,,,,,,,,
PrimeRef-1695,PrimeRef_1695-2024,PrimeRef_1695,MA,2024,PrimeRef_1695,PrimeRef_1695,,,,,,,,,,,,,,,,,,,,,,,,,,,,,,,,,,,,,,,,,,,,,,,,,,,,,,,,,,,,,,,,,,
PrimeRef-1747,PrimeRef_1747-2024,PrimeRef_1747,MA,2024,PrimeRef_1747,PrimeRef_1747,,,,,,,,,,,,,,,,,,,,,,,,,,,,,,,,,,,,,,,,,,,,,,,,,,,,,,,,,,,,,,,,,,
PrimeRef-3601,PrimeRef_3601-2024,PrimeRef_3601,MA,2024,PrimeRef_3601,PrimeRef_3601,,,,,,,,,,,,,,,,,,,,,,,,,,,,,,,,,,,,,,,,,,,,,,,,,,,,,,,,,,,,,,,,,,
PrimeRef-3739,PrimeRef_3739-2024,PrimeRef_3739,MA,2024,PrimeRef_3739,PrimeRef_3739,,,,,,,,,,,,,,,,,,,,,,,,,,,,,,,,,,,,,,,,,,,,,,,,,,,,,,,,,,,,,,,,,,
PrimeRef-5529,PrimeRef_5529-2024,PrimeRef_5529,MA,2024,PrimeRef_5529,PrimeRef_5529,,,,,,,,,,,,,,,,,,,,,,,,,,,,,,,,,,,,,,,,,,,,,,,,,,,,,,,,,,,,,,,,,,
PrimeRef-7599,PrimeRef_7599-2024,PrimeRef_7599,MA,2024,PrimeRef_7599,PrimeRef_7599,,,,,,,,,,,,,,,,,,,,,,,,,,,,,,,,,,,,,,,,,,,,,,,,,,,,,,,,,,,,,,,,,,
PrimeRef-8122,PrimeRef_8122-2024,PrimeRef_8122,MA,2024,PrimeRef_8122,PrimeRef_8122,,,,,,,,,,,,,,,,,,,,,,,,,,,,,,,,,,,,,,,,,,,,,,,,,,,,,,,,,,,,,,,,,,
PrimeRef-8211,PrimeRef_8211-2024,PrimeRef_8211,MA,2024,PrimeRef_8211,PrimeRef_8211,,,,,,,,,,,,,,,,,,,,,,,,,,,,,,,,,,,,,,,,,,,,,,,,,,,,,,,,,,,,,,,,,,
PrimeStrs-0331,PrimeStrs_0331-2024,PrimeStrs_0331,MA,2024,PrimeStrs_0331,PrimeStrs_0331,,,,,,,,,,,,,,,,,,,,,,,,,,,,,,,,,,,,,,,,,,,,,,,,,,,,,,,,,,,,,,,,,,
PrimeStrs-3013,PrimeStrs_3013-2024,PrimeStrs_3013,MA,2024,PrimeStrs_3013,PrimeStrs_3013,,,,,,,,,,,,,,,,,,,,,,,,,,,,,,,,,,,,,,,,,,,,,,,,,,,,,,,,,,,,,,,,,,
PrimeStrs-3543,PrimeStrs_3543-2024,PrimeStrs_3543,MA,2024,PrimeStrs_3543,PrimeStrs_3543,,,,,,,,,,,,,,,,,,,,,,,,,,,,,,,,,,,,,,,,,,,,,,,,,,,,,,,,,,,,,,,,,,
PrimeStrs-3785,PrimeStrs_3785-2024,PrimeStrs_3785,MA,2024,PrimeStrs_3785,PrimeStrs_3785,,,,,,,,,,,,,,,,,,,,,,,,,,,,,,,,,,,,,,,,,,,,,,,,,,,,,,,,,,,,,,,,,,
PrimeStrs-4874,PrimeStrs_4874-2024,PrimeStrs_4874,MA,2024,PrimeStrs_4874,PrimeStrs_4874,,,,,,,,,,,,,,,,,,,,,,,,,,,,,,,,,,,,,,,,,,,,,,,,,,,,,,,,,,,,,,,,,,
PrimeStrs-5395,PrimeStrs_5395-2024,PrimeStrs_5395,MA,2024,PrimeStrs_5395,PrimeStrs_5395,,,,,,,,,,,,,,,,,,,,,,,,,,,,,,,,,,,,,,,,,,,,,,,,,,,,,,,,,,,,,,,,,,
PrimeStrs-5749,PrimeStrs_5749-2024,PrimeStrs_5749,MA,2024,PrimeStrs_5749,PrimeStrs_5749,,,,,,,,,,,,,,,,,,,,,,,,,,,,,,,,,,,,,,,,,,,,,,,,,,,,,,,,,,,,,,,,,,
PrimeStrs-5749-QC,PrimeStrs_5749_QC-2024,PrimeStrs_5749,MA,2024,PrimeStrs_5749,PrimeStrs_5749_QC,,,,,,,,,,,,,,,,,,,,,,,,,,,,,,,,,,,,,,,,,,,,,,,,,,,,,,,,,,,,,,,,,,
PrimeStrs-5773,PrimeStrs_5773-2024,PrimeStrs_5773,MA,2024,PrimeStrs_5773,PrimeStrs_5773,,,,,,,,,,,,,,,,,,,,,,,,,,,,,,,,,,,,,,,,,,,,,,,,,,,,,,,,,,,,,,,,,,
PrimeStrs-6232,PrimeStrs_6232-2024,PrimeStrs_6232,MA,2024,PrimeStrs_6232,PrimeStrs_6232,,,,,,,,,,,,,,,,,,,,,,,,,,,,,,,,,,,,,,,,,,,,,,,,,,,,,,,,,,,,,,,,,,
PrimeStrs-6443,PrimeStrs_6443-2024,PrimeStrs_6443,MA,2024,PrimeStrs_6443,PrimeStrs_6443,,,,,,,,,,,,,,,,,,,,,,,,,,,,,,,,,,,,,,,,,,,,,,,,,,,,,,,,,,,,,,,,,,
PrimeStrs-6827,PrimeStrs_6827-2024,PrimeStrs_6827,MA,2024,PrimeStrs_6827,PrimeStrs_6827,,,,,,,,,,,,,,,,,,,,,,,,,,,,,,,,,,,,,,,,,,,,,,,,,,,,,,,,,,,,,,,,,,
PrimeStrs-6989,PrimeStrs_6989-2024,PrimeStrs_6989,MA,2024,PrimeStrs_6989,PrimeStrs_6989,,,,,,,,,,,,,,,,,,,,,,,,,,,,,,,,,,,,,,,,,,,,,,,,,,,,,,,,,,,,,,,,,,
PrimeStrs-6989-QC,PrimeStrs_6989_QC-2024,PrimeStrs_6989,MA,2024,PrimeStrs_6989,PrimeStrs_6989_QC,,,,,,,,,,,,,,,,,,,,,,,,,,,,,,,,,,,,,,,,,,,,,,,,,,,,,,,,,,,,,,,,,,
PrimeStrs-7435,PrimeStrs_7435-2024,PrimeStrs_7435,MA,2024,PrimeStrs_7435,PrimeStrs_7435,,,,,,,,,,,,,,,,,,,,,,,,,,,,,,,,,,,,,,,,,,,,,,,,,,,,,,,,,,,,,,,,,,
PrimeStrs-7451,PrimeStrs_7451-2024,PrimeStrs_7451,MA,2024,PrimeStrs_7451,PrimeStrs_7451,,,,,,,,,,,,,,,,,,,,,,,,,,,,,,,,,,,,,,,,,,,,,,,,,,,,,,,,,,,,,,,,,,
PrimeStrs-7579,PrimeStrs_7579-2024,PrimeStrs_7579,MA,2024,PrimeStrs_7579,PrimeStrs_7579,,,,,,,,,,,,,,,,,,,,,,,,,,,,,,,,,,,,,,,,,,,,,,,,,,,,,,,,,,,,,,,,,,
PrimeStrs-7673,PrimeStrs_7673-2024,PrimeStrs_7673,MA,2024,PrimeStrs_7673,PrimeStrs_7673,,,,,,,,,,,,,,,,,,,,,,,,,,,,,,,,,,,,,,,,,,,,,,,,,,,,,,,,,,,,,,,,,,
PrimeStrs-8233,PrimeStrs_8233-2024,PrimeStrs_8233,MA,2024,PrimeStrs_8233,PrimeStrs_8233,,,,,,,,,,,,,,,,,,,,,,,,,,,,,,,,,,,,,,,,,,,,,,,,,,,,,,,,,,,,,,,,,,
PrimeStrs-8571,PrimeStrs_8571-2024,PrimeStrs_8571,MA,2024,PrimeStrs_8571,PrimeStrs_8571,,,,,,,,,,,,,,,,,,,,,,,,,,,,,,,,,,,,,,,,,,,,,,,,,,,,,,,,,,,,,,,,,,
PrimeStrs-8773,PrimeStrs_8773-2024,PrimeStrs_8773,MA,2024,PrimeStrs_8773,PrimeStrs_8773,,,,,,,,,,,,,,,,,,,,,,,,,,,,,,,,,,,,,,,,,,,,,,,,,,,,,,,,,,,,,,,,,,
PrimeStrs_4828,PrimeStrs_4828-2023,PrimeStrs_4828,MA,2023,PrimeStrs_4828,PrimeStrs_4828,,,,,,,,,,,,,,,,,,,,,,,,,,,,,,,,,,,,,,,,,,,,,,,,,,,,,,,,,,,,,,,,,,
PrimeStrs_4942,PrimeStrs_4942-2023,PrimeStrs_4942,MA,2023,PrimeStrs_4942,PrimeStrs_4942,,,,,,,,,,,,,,,,,,,,,,,,,,,,,,,,,,,,,,,,,,,,,,,,,,,,,,,,,,,,,,,,,,
PrimeStrs_4946,PrimeStrs_4946-2023,PrimeStrs_4946,MA,2023,PrimeStrs_4946,PrimeStrs_4946,,,,,,,,,,,,,,,,,,,,,,,,,,,,,,,,,,,,,,,,,,,,,,,,,,,,,,,,,,,,,,,,,,
PrimeRef_5108,PrimeRef_5108-2023,PrimeRef_5108,MA,2023,PrimeRef_5108,PrimeRef_5108,,,,,,,,,,,,,,,,,,,,,,,,,,,,,,,,,,,,,,,,,,,,,,,,,,,,,,,,,,,,,,,,,,
PrimeRef_5108_QC,PrimeRef_5108_QC-2023,PrimeRef_5108,MA,2023,PrimeRef_5108,PrimeRef_5108_QC,,,,,,,,,,,,,,,,,,,,,,,,,,,,,,,,,,,,,,,,,,,,,,,,,,,,,,,,,,,,,,,,,,
PrimeRef_5122,PrimeRef_5122-2023,PrimeRef_5122,MA,2023,PrimeRef_5122,PrimeRef_5122,,,,,,,,,,,,,,,,,,,,,,,,,,,,,,,,,,,,,,,,,,,,,,,,,,,,,,,,,,,,,,,,,,
OverRef_5132,OverRef_5132-2023,OverRef_5132,MA,2023,OverRef_5132,OverRef_5132,,,,,,,,,,,,,,,,,,,,,,,,,,,,,,,,,,,,,,,,,,,,,,,,,,,,,,,,,,,,,,,,,,
PrimeStrs_0195,PrimeStrs_0195-2023,PrimeStrs_0195,MA,2023,PrimeStrs_0195,PrimeStrs_0195,,,,,,,,,,,,,,,,,,,,,,,,,,,,,,,,,,,,,,,,,,,,,,,,,,,,,,,,,,,,,,,,,,
PrimeStrs_0213,PrimeStrs_0213-2023,PrimeStrs_0213,MA,2023,PrimeStrs_0213,PrimeStrs_0213,,,,,,,,,,,,,,,,,,,,,,,,,,,,,,,,,,,,,,,,,,,,,,,,,,,,,,,,,,,,,,,,,,
PrimeStrs_0213_QC,PrimeStrs_0213_QC-2023,PrimeStrs_0213,MA,2023,PrimeStrs_0213,PrimeStrs_0213_QC,,,,,,,,,,,,,,,,,,,,,,,,,,,,,,,,,,,,,,,,,,,,,,,,,,,,,,,,,,,,,,,,,,
PrimeRef_0231,PrimeRef_0231-2023,PrimeRef_0231,MA,2023,PrimeRef_0231,PrimeRef_0231,,,,,,,,,,,,,,,,,,,,,,,,,,,,,,,,,,,,,,,,,,,,,,,,,,,,,,,,,,,,,,,,,,
PrimeRef_0641,PrimeRef_0641-2023,PrimeRef_0641,MA,2023,PrimeRef_0641,PrimeRef_0641,,,,,,,,,,,,,,,,,,,,,,,,,,,,,,,,,,,,,,,,,,,,,,,,,,,,,,,,,,,,,,,,,,
PrimeRef_0641_QC,PrimeRef_0641_QC-2023,PrimeRef_0641,MA,2023,PrimeRef_0641,PrimeRef_0641_QC,,,,,,,,,,,,,,,,,,,,,,,,,,,,,,,,,,,,,,,,,,,,,,,,,,,,,,,,,,,,,,,,,,
OverStrs_6719,OverStrs_6719-2023,OverStrs_6719,MA,2023,OverStrs_6719,OverStrs_6719,,,,,,,,,,,,,,,,,,,,,,,,,,,,,,,,,,,,,,,,,,,,,,,,,,,,,,,,,,,,,,,,,,
PrimeStrs_5477,PrimeStrs_5477-2023,PrimeStrs_5477,MA,2023,PrimeStrs_5477,PrimeStrs_5477,,,,,,,,,,,,,,,,,,,,,,,,,,,,,,,,,,,,,,,,,,,,,,,,,,,,,,,,,,,,,,,,,,
PrimeStrs_5799,PrimeStrs_5799-2023,PrimeStrs_5799,MA,2023,PrimeStrs_5799,PrimeStrs_5799,,,,,,,,,,,,,,,,,,,,,,,,,,,,,,,,,,,,,,,,,,,,,,,,,,,,,,,,,,,,,,,,,,
OverStrs_6089,OverStrs_6089-2023,OverStrs_6089,MA,2023,OverStrs_6089,OverStrs_6089,,,,,,,,,,,,,,,,,,,,,,,,,,,,,,,,,,,,,,,,,,,,,,,,,,,,,,,,,,,,,,,,,,
PrimeRef_6221,PrimeRef_6221-2023,PrimeRef_6221,MA,2023,PrimeRef_6221,PrimeRef_6221,,,,,,,,,,,,,,,,,,,,,,,,,,,,,,,,,,,,,,,,,,,,,,,,,,,,,,,,,,,,,,,,,,
PrimeStrs_8803,PrimeStrs_8803-2023,PrimeStrs_8803,MA,2023,PrimeStrs_8803,PrimeStrs_8803,,,,,,,,,,,,,,,,,,,,,,,,,,,,,,,,,,,,,,,,,,,,,,,,,,,,,,,,,,,,,,,,,,
PrimeRef_5399,PrimeRef_5399-2023,PrimeRef_5399,MA,2023,PrimeRef_5399,PrimeRef_5399,,,,,,,,,,,,,,,,,,,,,,,,,,,,,,,,,,,,,,,,,,,,,,,,,,,,,,,,,,,,,,,,,,
PrimeRef_6949,PrimeRef_6949-2023,PrimeRef_6949,MA,2023,PrimeRef_6949,PrimeRef_6949,,,,,,,,,,,,,,,,,,,,,,,,,,,,,,,,,,,,,,,,,,,,,,,,,,,,,,,,,,,,,,,,,,
OverRef_6983,OverRef_6983-2023,OverRef_6983,MA,2023,OverRef_6983,OverRef_6983,,,,,,,,,,,,,,,,,,,,,,,,,,,,,,,,,,,,,,,,,,,,,,,,,,,,,,,,,,,,,,,,,,
PrimeStrs_7023,PrimeStrs_7023-2023,PrimeStrs_7023,MA,2023,PrimeStrs_7023,PrimeStrs_7023,,,,,,,,,,,,,,,,,,,,,,,,,,,,,,,,,,,,,,,,,,,,,,,,,,,,,,,,,,,,,,,,,,
PrimeStrs_7147,PrimeStrs_7147-2023,PrimeStrs_7147,MA,2023,PrimeStrs_7147,PrimeStrs_7147,,,,,,,,,,,,,,,,,,,,,,,,,,,,,,,,,,,,,,,,,,,,,,,,,,,,,,,,,,,,,,,,,,
PrimeRef_6366,PrimeRef_6366-2023,PrimeRef_6366,MA,2023,PrimeRef_6366,PrimeRef_6366,,,,,,,,,,,,,,,,,,,,,,,,,,,,,,,,,,,,,,,,,,,,,,,,,,,,,,,,,,,,,,,,,,
OverStrs_3709,OverStrs_3709-2023,OverStrs_3709,MA,2023,OverStrs_3709,OverStrs_3709,,,,,,,,,,,,,,,,,,,,,,,,,,,,,,,,,,,,,,,,,,,,,,,,,,,,,,,,,,,,,,,,,,
PrimeRef_4837,PrimeRef_4837-2023,PrimeRef_4837,MA,2023,PrimeRef_4837,PrimeRef_4837,,,,,,,,,,,,,,,,,,,,,,,,,,,,,,,,,,,,,,,,,,,,,,,,,,,,,,,,,,,,,,,,,,
PrimeRef_6965,PrimeRef_6965-2023,PrimeRef_6965,MA,2023,PrimeRef_6965,PrimeRef_6965,,,,,,,,,,,,,,,,,,,,,,,,,,,,,,,,,,,,,,,,,,,,,,,,,,,,,,,,,,,,,,,,,,
OverRef_7631,OverRef_7631-2023,OverRef_7631,MA,2023,OverRef_7631,OverRef_7631,,,,,,,,,,,,,,,,,,,,,,,,,,,,,,,,,,,,,,,,,,,,,,,,,,,,,,,,,,,,,,,,,,
PrimeStrs_5968,PrimeStrs_5968-2023,PrimeStrs_5968,MA,2023,PrimeStrs_5968,PrimeStrs_5968,,,,,,,,,,,,,,,,,,,,,,,,,,,,,,,,,,,,,,,,,,,,,,,,,,,,,,,,,,,,,,,,,,
PrimeRef_5994,PrimeRef_5994-2023,PrimeRef_5994,MA,2023,PrimeRef_5994,PrimeRef_5994,,,,,,,,,,,,,,,,,,,,,,,,,,,,,,,,,,,,,,,,,,,,,,,,,,,,,,,,,,,,,,,,,,
PrimeRef_8752,PrimeRef_8752-2023,PrimeRef_8752,MA,2023,PrimeRef_8752,PrimeRef_8752,,,,,,,,,,,,,,,,,,,,,,,,,,,,,,,,,,,,,,,,,,,,,,,,,,,,,,,,,,,,,,,,,,
PrimeRef_1131,PrimeRef_1131-2023,PrimeRef_1131,MA,2023,PrimeRef_1131,PrimeRef_1131,,,,,,,,,,,,,,,,,,,,,,,,,,,,,,,,,,,,,,,,,,,,,,,,,,,,,,,,,,,,,,,,,,
PrimeStrs_1863,PrimeStrs_1863-2023,PrimeStrs_1863,MA,2023,PrimeStrs_1863,PrimeStrs_1863,,,,,,,,,,,,,,,,,,,,,,,,,,,,,,,,,,,,,,,,,,,,,,,,,,,,,,,,,,,,,,,,,,
PrimeStrs_8209,PrimeStrs_8209-2023,PrimeStrs_8209,MA,2023,PrimeStrs_8209,PrimeStrs_8209,,,,,,,,,,,,,,,,,,,,,,,,,,,,,,,,,,,,,,,,,,,,,,,,,,,,,,,,,,,,,,,,,,
PrimeStrs_8209_QC,PrimeStrs_8209_QC-2023,PrimeStrs_8209,MA,2023,PrimeStrs_8209,PrimeStrs_8209_QC,,,,,,,,,,,,,,,,,,,,,,,,,,,,,,,,,,,,,,,,,,,,,,,,,,,,,,,,,,,,,,,,,,
PrimeRef_0065,PrimeRef_0065-2023,PrimeRef_0065,MA,2023,PrimeRef_0065,PrimeRef_0065,,,,,,,,,,,,,,,,,,,,,,,,,,,,,,,,,,,,,,,,,,,,,,,,,,,,,,,,,,,,,,,,,,
PrimeStrs_9606,PrimeStrs_9606-2023,PrimeStrs_9606,MA,2023,PrimeStrs_9606,PrimeStrs_9606,,,,,,,,,,,,,,,,,,,,,,,,,,,,,,,,,,,,,,,,,,,,,,,,,,,,,,,,,,,,,,,,,,
PrimeStrs_9666,PrimeStrs_9666-2023,PrimeStrs_9666,MA,2023,PrimeStrs_9666,PrimeStrs_9666,,,,,,,,,,,,,,,,,,,,,,,,,,,,,,,,,,,,,,,,,,,,,,,,,,,,,,,,,,,,,,,,,,
PrimeRef_9756,PrimeRef_9756-2023,PrimeRef_9756,MA,2023,PrimeRef_9756,PrimeRef_9756,,,,,,,,,,,,,,,,,,,,,,,,,,,,,,,,,,,,,,,,,,,,,,,,,,,,,,,,,,,,,,,,,,
PrimeStrs_0204,PrimeStrs_0204-2023,PrimeStrs_0204,MA,2023,PrimeStrs_0204,PrimeStrs_0204,,,,,,,,,,,,,,,,,,,,,,,,,,,,,,,,,,,,,,,,,,,,,,,,,,,,,,,,,,,,,,,,,,
PrimeRef_0236,PrimeRef_0236-2023,PrimeRef_0236,MA,2023,PrimeRef_0236,PrimeRef_0236,,,,,,,,,,,,,,,,,,,,,,,,,,,,,,,,,,,,,,,,,,,,,,,,,,,,,,,,,,,,,,,,,,
PrimeStrs_0238,PrimeStrs_0238-2023,PrimeStrs_0238,MA,2023,PrimeStrs_0238,PrimeStrs_0238,,,,,,,,,,,,,,,,,,,,,,,,,,,,,,,,,,,,,,,,,,,,,,,,,,,,,,,,,,,,,,,,,,
PrimeStrs_3361,PrimeStrs_3361-2023,PrimeStrs_3361,MA,2023,PrimeStrs_3361,PrimeStrs_3361,,,,,,,,,,,,,,,,,,,,,,,,,,,,,,,,,,,,,,,,,,,,,,,,,,,,,,,,,,,,,,,,,,
MA9628b090622,PrimeStrs_9628-2022,MA9628b090622,MA,2022,PrimeStrs_9628,PrimeStrs_9628,,,,,,,,,,,,,,,,,,,,,,,,,,,,,,,,,,,,,,,,,,,,,,,,,,,,,,,,,,,,,,,,,,
MA208b090722,PrimeRef_0208-2022,MA208b090722,MA,2022,PrimeRef_0208,PrimeRef_0208,,,,,,,,,,,,,,,,,,,,,,,,,,,,,,,,,,,,,,,,,,,,,,,,,,,,,,,,,,,,,,,,,,
MA0208QCb090722,PrimeRef_0208_QC-2022,MA0208QCb090722,MA,2022,PrimeRef_0208,PrimeRef_0208_QC,,,,,,,,,,,,,,,,,,,,,,,,,,,,,,,,,,,,,,,,,,,,,,,,,,,,,,,,,,,,,,,,,,
MA5379b090722,PrimeRef_5379-2022,MA5379b090722,MA,2022,PrimeRef_5379,PrimeRef_5379,,,,,,,,,,,,,,,,,,,,,,,,,,,,,,,,,,,,,,,,,,,,,,,,,,,,,,,,,,,,,,,,,,
MA363b090822,PrimeRef_0363-2022,MA363b090822,MA,2022,PrimeRef_0363,PrimeRef_0363,,,,,,,,,,,,,,,,,,,,,,,,,,,,,,,,,,,,,,,,,,,,,,,,,,,,,,,,,,,,,,,,,,
MA4614b090822,PrimeRef_4614-2022,MA4614b090822,MA,2022,PrimeRef_4614,PrimeRef_4614,,,,,,,,,,,,,,,,,,,,,,,,,,,,,,,,,,,,,,,,,,,,,,,,,,,,,,,,,,,,,,,,,,
MA387b090822,PrimeStrs_0387-2022,MA387b090822,MA,2022,PrimeStrs_0387,PrimeStrs_0387,,,,,,,,,,,,,,,,,,,,,,,,,,,,,,,,,,,,,,,,,,,,,,,,,,,,,,,,,,,,,,,,,,
MA3479b090822,PrimeRef_3479-2022,MA3479b090822,MA,2022,PrimeRef_3479,PrimeRef_3479,,,,,,,,,,,,,,,,,,,,,,,,,,,,,,,,,,,,,,,,,,,,,,,,,,,,,,,,,,,,,,,,,,
MA6009b090922,PrimeStrs_6009-2022,MA6009b090922,MA,2022,PrimeStrs_6009,PrimeStrs_6009,,,,,,,,,,,,,,,,,,,,,,,,,,,,,,,,,,,,,,,,,,,,,,,,,,,,,,,,,,,,,,,,,,
MA4990b090922,PrimeStrs_4990-2022,MA4990b090922,MA,2022,PrimeStrs_4990,PrimeStrs_4990,,,,,,,,,,,,,,,,,,,,,,,,,,,,,,,,,,,,,,,,,,,,,,,,,,,,,,,,,,,,,,,,,,
MA4990QCb090922,PrimeStrs_4990_QC-2022,MA4990QCb090922,MA,2022,PrimeStrs_4990,PrimeStrs_4990_QC,,,,,,,,,,,,,,,,,,,,,,,,,,,,,,,,,,,,,,,,,,,,,,,,,,,,,,,,,,,,,,,,,,
MA1351b090922,PrimeRef_1351-2022,MA1351b090922,MA,2022,PrimeRef_1351,PrimeRef_1351,,,,,,,,,,,,,,,,,,,,,,,,,,,,,,,,,,,,,,,,,,,,,,,,,,,,,,,,,,,,,,,,,,
MA4427b091022,PrimeRef_4427-2022,MA4427b091022,MA,2022,PrimeRef_4427,PrimeRef_4427,,,,,,,,,,,,,,,,,,,,,,,,,,,,,,,,,,,,,,,,,,,,,,,,,,,,,,,,,,,,,,,,,,
MA6327b091022,PrimeStrs_6327-2022,MA6327b091022,MA,2022,PrimeStrs_6327,PrimeStrs_6327,,,,,,,,,,,,,,,,,,,,,,,,,,,,,,,,,,,,,,,,,,,,,,,,,,,,,,,,,,,,,,,,,,
MA5837b091022,PrimeStrs_5837-2022,MA5837b091022,MA,2022,PrimeStrs_5837,PrimeStrs_5837,,,,,,,,,,,,,,,,,,,,,,,,,,,,,,,,,,,,,,,,,,,,,,,,,,,,,,,,,,,,,,,,,,
MA5537b091022,PrimeRef_5537-2022,MA5537b091022,MA,2022,PrimeRef_5537,PrimeRef_5537,,,,,,,,,,,,,,,,,,,,,,,,,,,,,,,,,,,,,,,,,,,,,,,,,,,,,,,,,,,,,,,,,,
MA7407b091122,PrimeStrs_7407-2022,MA7407b091122,MA,2022,PrimeStrs_7407,PrimeStrs_7407,,,,,,,,,,,,,,,,,,,,,,,,,,,,,,,,,,,,,,,,,,,,,,,,,,,,,,,,,,,,,,,,,,
MA3779b091122,PrimeStrs_3779-2022,MA3779b091122,MA,2022,PrimeStrs_3779,PrimeStrs_3779,,,,,,,,,,,,,,,,,,,,,,,,,,,,,,,,,,,,,,,,,,,,,,,,,,,,,,,,,,,,,,,,,,
MA6977b091122,PrimeStrs_6977-2022,MA6977b091122,MA,2022,PrimeStrs_6977,PrimeStrs_6977,,,,,,,,,,,,,,,,,,,,,,,,,,,,,,,,,,,,,,,,,,,,,,,,,,,,,,,,,,,,,,,,,,
MA5948b091122,OverRef_5948-2022,MA5948b091122,MA,2022,OverRef_5948,OverRef_5948,,,,,,,,,,,,,,,,,,,,,,,,,,,,,,,,,,,,,,,,,,,,,,,,,,,,,,,,,,,,,,,,,,
MA6365b091222,OverStrs_6365-2022,MA6365b091222,MA,2022,OverStrs_6365,OverStrs_6365,,,,,,,,,,,,,,,,,,,,,,,,,,,,,,,,,,,,,,,,,,,,,,,,,,,,,,,,,,,,,,,,,,
MA2275b091222,OverRef_2275-2022,MA2275b091222,MA,2022,OverRef_2275,OverRef_2275,,,,,,,,,,,,,,,,,,,,,,,,,,,,,,,,,,,,,,,,,,,,,,,,,,,,,,,,,,,,,,,,,,
